142,TYPE,FIELD,BITS,UNIT,CONVERSION,MODULE,MODULE_NUM,MODULE_LINE,LINE_TYPE,SHORT_NAME,DESCRIPTION
0,wod,ReflectedPwr,8,mW,icr_8bit_volts|txv2_ref_pwr,Legacy Radio,1,4,3,Ref Power,Reflected Power from the Transmit Antenna
1,wod,ICR3VProt,8,V,icr_8bit_volts,Command Receivers,4,3,3,3V Prot,ICR 3V Protected
2,wod,ICRTemp,8,C,8_bit_temp,Command Receivers,4,4,3,ICR Temp,ICR Temperature
3,wod,gTemp,8,C,8_bit_temp,Experiments,5,10,3,Gyro Temp,Gyro temperature
4,wod,Xspin,8,dps,8_bit_spin,Experiments,5,1,3,X Rotation,Angular Velocity around X Axis
5,wod,Yspin,8,dps,8_bit_spin,Experiments,5,2,3,Y Rotation,Angular Veolcity around Y Axis
6,wod,Zspin,8,dps,8_bit_spin,Experiments,5,3,3,Z Rotation,Angular Veolcity around Z Axis
7,wod,Xaccel,8,g,8_bit_accel,Experiments,5,4,3,X Acceleration,Acceleration along X axis
8,wod,Yaccel,8,g,8_bit_accel,Experiments,5,5,3,Y Acceleration,Acceleration along Y  axis
9,wod,Zaccel,8,g,8_bit_accel,Experiments,5,6,3,Z Acceleration,Acceleration along Z axis
10,wod,Xmag,8,uT,8_bit_mag,Experiments,5,7,3,X Magnetometer,Angular Veolcity around X Axis
11,wod,Ymag,8,uT,8_bit_mag,Experiments,5,8,3,Y Magnetometer,Angular Veolcity around Y Axis
12,wod,Zmag,8,uT,8_bit_mag,Experiments,5,9,3,Z Magnetometer,Angular Veolcity around Z Axis
13,wod,DCT1Power,8,mW,1,DCT1,12,1,3,Power Output,DCT1 RF power output
14,wod,DCT2Power,8,mW,1,DCT2,13,1,3,Power Output,DCT2 RF power output
15,wod,DCT1RSSI,8,dBm,dct_rssi,DCT1,12,3,3,RSSI,DCT1 RSSI
16,wod,DCT2RSSI,8,dBm,dct_rssi,DCT2,13,3,3,RSSI,DCT2 RSSI
17,wod,DCT1RlftdPower,8,mW,1,DCT1,12,2,3,Reflected Power,DCT1 reflected power
18,wod,deorbitTemp,8,-,8_bit_temp,Experiments,5,11,3,Minus Z Temp,Deorbit Device Temp
19,wod,busV,8,V,golf-t_bus_voltage,Legacy IHU,2,6,3,Bus Voltage,Vbatt Bus voltage
20,wod,TxPAi,8,mA,golf-t_tx_current,Legacy Radio,1,1,3,PA Current,Transmit power amplifier current
21,wod,TxTemp,8,C,8_bit_temp,Legacy Radio,1,2,3,TX Temperature,Transmitter card temperature
22,wod,FwdPower,8,mW,icr_8bit_volts|txv2_fwd_pwr|dBm_to_mW,Legacy Radio,1,3,3,Fwd Power,Receiver card temperature
23,wod,rssi,8,dBm,icr_8bit_volts|icrv2_rssi,Command Receivers,4,1,3,ICR RSSI,Received Signal Strength Indication
24,wod,MinusYVolts,8,V,52,Solar Panels,6,1,3,Minus Y Volts,Left (-Y) deployable panel Voltage
25,wod,MinusXVolts,8,V,52,Solar Panels,6,2,3,Minus X Volts,Anti-sun Fixed Panel Voltage
26,wod,XVolts,8,V,52,Solar Panels,6,3,3,Plus X Volts,Sun-side Fixed Panel Voltage
27,wod,YVolts,8,V,52,Solar Panels,6,4,3,cd ,Right (+Y) Deployable Panel Voltage
28,wod,MinusYTemp,8,C,52,Solar Panels,6,5,3,+Y Centr Temp,Left (-Y) deployable panel Voltage
29,wod,MinusXTemp,8,C,52,Solar Panels,6,6,3,+Y Right Temp,Anti-sun Fixed Panel Voltage
30,wod,XTemp,8,C,52,Solar Panels,6,7,3,+Y Left Temp,Sun-side Fixed Panel Voltage
31,wod,YTemp,8,C,52,Solar Panels,6,8,3,-Y Fixed Temp,Right (+Y) Deployable Panel Voltage
32,wod,LtVGACtl,8,V,icr_8bit_volts,Legacy Radio,1,5,3,VGA Control,Control Voltage to the Variable Gain Amplifier (VGA)
33,wod,RT1Temp,8,C,8_bit_temp,RT-IHU,11,1,3,Proc1 Temp,Processor 1 board temperature
34,wod,RT2Temp,8,C,8_bit_temp,RT-IHU,11,2,3,Proc2 Temp,Processor 2 board temperature
35,wod,IHUcpuTemp,8,C,8_bit_temp,Legacy IHU,2,1,3,Temperature,Internal Temperature of IHU
36,wod,moduTemp,8,C,8_bit_temp,Legacy Radio,1,7,3,Modulator Temp,Internal Temperature of  the telemetry modulator
37,wod,CSS1,8,-,ciu_8bit_volts,Sun Sensors,0,0,0,CSS #1,Coarse Sun Sensor Values
38,wod,CSS2,8,-,ciu_8bit_volts,Sun Sensors,0,0,0,CSS #2,Coarse Sun Sensor Values
39,wod,CSS3,8,-,ciu_8bit_volts,Sun Sensors,0,0,0,CSS #3,Coarse Sun Sensor Values
40,wod,CSS4,8,-,ciu_8bit_volts,Sun Sensors,0,0,0,CSS #4,Coarse Sun Sensor Values
41,wod,CSS5,8,-,ciu_8bit_volts,Sun Sensors,0,0,0,CSS #5,Coarse Sun Sensor Values
42,wod,CSS6,8,-,ciu_8bit_volts,Sun Sensors,0,0,0,CSS #6,Coarse Sun Sensor Values
43,wod,CSS7,8,-,ciu_8bit_volts,Sun Sensors,0,0,0,CSS #7,Coarse Sun Sensor Values
44,wod,CSS8,8,-,ciu_8bit_volts,Sun Sensors,0,0,0,CSS #8,Coarse Sun Sensor Values
45,wod,CIU3V3_1,8,V,psoc_8bit_volts,CIU,8,1,3,CIU 3.3V #1,3.3V Power for part 1 of CIU
46,wod,CIU3V3_2,8,V,psoc_8bit_volts,CIU,8,2,3,CIU 3.3V #2,3.3V power for part 2 of CIU
47,wod,CIUVsys,8,V,psoc_8bit_volts,CIU,8,3,3,CIU 5.2V Vsys,6V power on CIU aka Vsys
48,wod,CIU12v,8,V,psoc_8bit_volts,CIU,8,4,3,CIU 12V Supply,12V Power From EPS
49,wod,Power10GHz,8,mW,0,SDR Radio,10,1,3,SSPA Power,Power output of the 10GHz SSPA
50,wod,ZynqTemp,8,C,8_bit_temp,SDR Radio,10,2,3,SDR Zynq Temp,SDR Zynq temp
51,wod,SDRTcvrTemp,8,C,8_bit_temp,SDR Radio,10,3,3,SDR Tranceiver Temp,SDR Tranceiver Temp
52,wod,Current10GHz,8,mA,golf-t_tx_current,SDR Radio,10,4,3,10GHz PA Current,Transmit power amplifier current
53,wod,DCT2RlftdPower,8,mW,1,DCT2,13,2,3,Reflected Power,DCT2 reflected power
54,wod,SDRXspin,8,dps,8_bit_spin,SDR Radio,10,5,3,SDR X Rotation,Angular Velocity around X Axis
55,wod,SDRYspin,8,dps,8_bit_spin,SDR Radio,10,6,3,SDR Y Rotation,Angular Veolcity around Y Axis
56,wod,SDRZspin,8,dps,8_bit_spin,SDR Radio,10,7,3,SDR Z Rotation,Angular Veolcity around Z Axis
57,wod,SDRXaccel,8,g,8_bit_accel,SDR Radio,10,8,3,SDR X Acceleration,Acceleration along X axis
58,wod,SDRZaccel,8,g,8_bit_accel,SDR Radio,10,9,3,SDR Z Acceleration,Acceleration along Y  axis
59,wod,SDRXmag,8,uT,8_bit_mag,SDR Radio,10,10,3,SDR X Magnetometer,Angular Veolcity around X Axis
60,wod,SDRYmag,8,uT,8_bit_mag,SDR Radio,10,11,3,SDR Y Magnetometer,Angular Veolcity around Y Axis
61,wod,SDRZmag,8,uT,8_bit_mag,SDR Radio,10,12,3,SDR Z Magnetometer,Angular Veolcity around Y Axis
62,wod,BattTopTmp,8,C,8_bit_temp,Temperatures,7,1,3,Batt Board Top,Pad
63,wod,BatBtmTmp,8,C,8_bit_temp,Temperatures,7,2,3,Bat Board Btm,Pad
64,wod,PlusZTmp,8,C,8_bit_temp,Temperatures,7,3,3,+Z End Temp,Pad
65,wod,TmpBat1,8,C,8_bit_temp,Temperatures,7,4,3,Tmp Bat Str 1,Pad
66,wod,TmpBat2,8,C,8_bit_temp,Temperatures,7,5,3,Tmp Bat Str 2,Pad
67,wod,TmpBat3,8,C,8_bit_temp,Temperatures,7,6,3,Tmp Bat Str 3,Pad
68,wod,TmpBat4,8,C,8_bit_temp,Temperatures,7,7,3,Tmp Bat Str 4,Pad
69,wod,TmpBat5,8,C,8_bit_temp,Temperatures,7,8,3,Tmp Bat Str 5,Pad
70,wod,TmpBat6,8,C,8_bit_temp,Temperatures,7,9,3,Tmp Bat Str 6,Pad
71,wod,TmpBat7,8,C,8_bit_temp,Temperatures,7,10,3,Tmp Bat Str 7,Pad
72,wod,TmpBat8,8,C,8_bit_temp,Temperatures,7,11,3,Tmp Bat Str 8,Pad
73,wod,Tmp12V1,8,C,8_bit_temp,Temperatures,7,12,3,12V 1 Temp,Pad
74,wod,Tmp12V2,8,C,8_bit_temp,Temperatures,7,13,3,12V 2 Temp,Pad
75,wod,Tmp5V1,8,C,8_bit_temp,Temperatures,7,14,3,5.1V 1 Temp,Pad
76,wod,Tmp5V2,8,C,8_bit_temp,Temperatures,7,15,3,5.1V 2 Temp,Pad
77,wod,Tmp3V1,8,C,8_bit_temp,Temperatures,7,16,3,3.3V 1 Temp,Pad
78,wod,Tmp3V2,8,C,8_bit_temp,Temperatures,7,17,3,3.3V 2 Temp,Pad
79,wod,EPSAmbTmp,8,C,8_bit_temp,Temperatures,7,18,3,EPS Ambient Temp,Pad
80,wod,pad35,32,c,0,NONE,0,0,0, ,pad
81,wod,DeploySenseCan,8,-,16,Spacecraft Status,3,4,0,Deploy Sense via CAN,TBD
82,wod,DeploySenseI2c,8,-,16,Spacecraft Status,3,5,0,Deploy Sense via I2c,TBD
83,wod,PrimaryRTActive,1,-,21,RT-IHU,11,3,0,Proc1 Active,Processor 1 is the active RT-IHU processor
84,wod,AutoSafeAllowed,1,-,21,Spacecraft Status,3,1,0,Auto Safe Allowed,Autosafe Allowed
85,wod,AutoSafeModeActive,1,-,21,Spacecraft Status,3,2,0,Auto Safe,Autosafe Mode Active
86,wod,I2CfailureSunSense,1,-,17,Sun Sensors,0,0,0,I2c CSS,Coarse Sun Sensor I2c failure
87,wod,I2CfailureSolarV,1,-,17,Solar Panels,6,9,0,I2c Solar,Solar Voltage I2c failure
88,wod,transponderEnabled,1,-,44,Legacy IHU,2,2,0,Transponder Enabled,-
89,wod,I2CfailureICR,1,-,17,Command Receivers,4,5,0,I2cICR,Antenna is not communicating over bus 2
90,wod,I2CFailureDeploy,1,-,17,Spacecraft Status,3,6,0,I2c Deploy,Antenna is not communicating over bus 1
91,wod,TLMresets,8,-,1,Spacecraft Status,3,10,0,Min/Max Resets,Number of times command stations reset stored telemetry
92,wod,wodSize,8,-,36,Spacecraft Status,3,3,0,WOD Stored,Number of WOD data payloads kept for each of Science and Housekeeping
93,wod,swCmds,32,-,35,Command Receivers,4,6,0,Diagnostic,ICR Diagnostic information
94,wod,hwCmdCnt,8,-,1,Command Receivers,4,7,0,HW Cmd Cnt ICR,Number of hardware commands since last reset
95,wod,swCmdCntICR,8,-,34,Command Receivers,4,8,0,SW Cmd Cnt ICR,Number of software commands since last reset
96,wod,swCmdCntDCT,8,-,34,Command Receivers,4,9,0,SW Cmd Cnt DCT,Number of software commands since last reset
97,wod,DCT1Status,8,-,1,DCT1,12,4,0,Status,TBD
98,wod,DCT2Status,8,-,1,DCT2,13,4,0,Status,TBD
99,wod,LMRAMstatus,8,-,1,Legacy IHU,2,4,0,LIHU MRAM Status,TBD
100,wod,PrimMRAMstatus,8,-,1,RT-IHU,11,4,0,MRAM1 Status,Status of processor 1 MRAM
101,wod,SecndMRAMstatus,8,-,1,RT-IHU,11,5,0,MRAM2 Status,Status of processor 2 MRAM
102,wod,ModuLO,8,-,1,Legacy Radio,1,6,0,Modulator Reg 0,Modulator Register 0 - Local Oscillator
103,wod,ModuGain,8,-dB,1,Legacy Radio,1,8,0,Modulator Gain,Modulator Register 1 - Gain
104,wod,SDRFlowNumber,8,-,1,SDR Radio,10,13,3,SDR Running Flow Number,Running Flow Number
105,wod,ModuMode,8,-,1,Legacy Radio,1,9,0,Modulator Reg 8,Modulator Register 8 - Mode
106,wod,CIUResetCnt1,8,-,1,CIU,8,5,0,CIU 1 Reset Cnt,Power Reset Count for CIU Bus 1
107,wod,CIUResetCnt2,8,-,1,CIU,8,6,0,CIU 2 Reset Cnt,Power Reset Count for CIU Bus 2
108,wod,DCT1PwrCnt,8,-,1,DCT1,12,7,0,Reset Cnt,Power Reset Count for DCT1
109,wod,DCT2PwrCnt,8,-,1,DCT2,13,7,0,Reset Cnt,Power Reset Count for DCT2
110,wod,PA1PwrCnt,8,-,1,DCT1,12,8,0,PA Reset Cnt,Power Reset Count for PA1
111,wod,PA2PwrCnt,8,-,1,DCT2,13,8,0,PA Reset Cnt,Power Reset Count for PA2
112,wod,LIHUControl,1,-,21,Legacy IHU,2,3,0,LIHU In Control,The LIUH is in control of the spacecraft
113,wod,moduValid,1,-,21,Legacy Radio,1,10,0,Modulator Valid,If not valid then the displayed values are from the last valid read
114,wod,eclipseAction,3,-,GOLF_ECLIPSE_ACTION,Spacecraft Status,3,7,0,Eclipse Action,-
115,wod,inEclipse,1,-,21,Spacecraft Status,3,8,0,In Eclipse,-
116,wod,ICRRxOn,1,-,1,Command Receivers,4,2,0,ICR Receiver On,ICR RSSI Valid
117,wod,ICRCarrierValid,1,-,1,Command Receivers,4,10,0,ICR Carrier Valid,ICR Receiving Carrier
118,wod,LIHUResets,8,-,1,Legacy IHU,2,5,0,LIHU Reset Cnt,LIHU Rest Count
119,wod,RTIHU1Resets,8,-,1,RT-IHU,11,6,0,Proc1 Reset Cnt,Processor 1 reset count
120,wod,RTIHU2Resets,8,-,1,RT-IHU,11,7,0,Proc2 Reset Cnt,Processor 2 reset count
121,wod,com2Spare1Bit,1,-,0,NONE,0,0,0,com2 Spare Bit,Spare
122,wod,dctTransmitting2,1,-,status_on_off,DCT2,13,9,0,Transmitting,DCT2 is transmitting (only the in-control processor's DCT transmits)
123,wod,dctTransmitting1,1,-,status_on_off,DCT1,12,10,0,Transmitting,DCT1 is transmitting (only the in-control processor's DCT transmits)
124,wod,dctPowerNormal2,1,-,status_hi_low,DCT2,13,6,0,Pwr Setting (Health),DCT2 transmit power in health/science mode (1=high)
125,wod,dctPowerSafe2,1,-,status_hi_low,DCT2,13,5,0,Pwr Setting (Safe),DCT2 transmit power in safe mode (1=high)
126,wod,dctPowerNormal1,1,-,status_hi_low,DCT1,12,6,0,Pwr Setting (Health),DCT1 transmit power in health/science mode (1=high)
127,wod,dctPowerSafe1,1,-,status_hi_low,DCT1,12,5,0,Pwr Setting (Safe),DCT1 transmit power in safe mode (1=high)
128,wod,rfPowerCap,1,-,44,Legacy Radio,1,11,0,Transponder Power Cap,Transponder RF power capped (1=capped - low power)
129,wod,vucDisabled,1,-,21,Spacecraft Status,3,9,0,VUC Disabled,VUC Disabled
130,wod,halfDupMode,1,-,status_on_off,DCT1,12,9,0,Half Duplex Mode,Rx and Tx On Same DCT
131,wod,CIUResetCnt3,6,-,1,CIU,8,7,0,RF Matrix Reset Cnt,RF Matrix Power Cycle Cnt
132,wod,com2Spare1,8,-,0,NONE,0,0,0,com2 Spare Byte 1,Spare
133,wod,com2Spare2,8,-,0,NONE,0,0,0,com2 Spare Byte 2,Spare
134,wod,com2Spare3,8,-,0,NONE,0,0,0,com2 Spare Byte 3,Spare
135,wod,WODTimestampUptime,32,s,1,WOD,14,1,0,Uptime,Time Whole Orbit Data was collected
136,wod,WODTimestampReset,16,-,TIMESTAMP WODTimestampReset WODTimestampUptime,WOD,14,2,0,Data Capture Time,Time Whole Orbit Data was collected
137,wod,WodCRCError,8,-,STATUS_BIT,WOD,14,3,0,CRC Error,CRC Error for the WOD Payload
138,wod,inSafeMode,1,-,21,Spacecraft Status,3,11,0,Safe Mode,Are we in safe mode?
139,wod,inHealthMode,1,-,21,Spacecraft Status,3,12,0,Health Mode,Are we in health mode?
140,wod,inScienceMode,1,-,21,Spacecraft Status,3,13,0,Science Mode,Are we in science mode?
141,wod,pad211,5,-,0,NONE,0,0,0,Pad10,Pad
